customer_id,product_id,quantity,total_price,order_status,feedback_rating,order_id
321,101,2,666.0331265290563,Returned,Very Satisfied,1
460,5,4,1133.7119751182688,Shipped,Satisfied,2
742,156,3,1733.7426913908778,Shipped,Very Satisfied,3
628,11,1,411.43601345606106,Delivered,Very Satisfied,4
318,166,3,852.1686221154553,Shipped,Unsatisfied,5
9,153,4,1236.808895304714,Returned,Neutral,6
445,53,1,317.09844286807277,Shipped,Neutral,7
616,136,2,1298.6365448843414,Pending,Neutral,8
116,8,4,1591.675180534453,Returned,Satisfied,9
242,174,4,1697.4039451482256,Delivered,Very Satisfied,10
215,63,4,916.4878128038708,Shipped,Neutral,11
58,43,2,121.39387896634169,Shipped,Unsatisfied,12
45,127,2,249.9527871477306,Returned,Very Satisfied,13
468,148,2,547.8677580544793,Shipped,Very Satisfied,14
310,14,3,1300.5690011277975,Shipped,Very Satisfied,15
386,182,2,1551.1736046561625,Shipped,Very Satisfied,16
387,126,2,1666.8530904096783,Delivered,Very Satisfied,17
364,43,4,408.7384532402601,Pending,Unsatisfied,18
929,117,1,127.47195377139448,Pending,Neutral,19
731,106,4,205.72426199579382,Returned,Neutral,20
726,113,3,442.3525887449943,Delivered,Neutral,21
226,172,1,1473.2749517418586,Returned,Very Satisfied,22
548,121,2,1709.56633330326,,Neutral,23
131,75,1,321.6699556463846,Delivered,Very Satisfied,24
136,190,2,920.9128823831654,Pending,Very Satisfied,25
529,63,1,487.5598878886221,,Very Satisfied,26
989,143,4,1363.2475495832507,,Very Satisfied,27
768,95,4,1415.4147486501213,Delivered,Satisfied,28
724,67,4,159.5125578241389,Shipped,Unsatisfied,29
628,22,4,756.4913479681419,Returned,Neutral,30
708,28,1,172.0952880295472,Returned,Very Satisfied,31
54,65,3,167.31783947868325,Returned,Unsatisfied,32
581,88,3,1045.9435132351612,Delivered,Unsatisfied,33
366,107,1,634.947295792052,Delivered,Unsatisfied,34
343,3,2,665.6276631950285,Pending,Neutral,35
402,154,2,1283.300741850601,Delivered,Unsatisfied,36
551,20,2,95.31956081758995,Shipped,Very Satisfied,37
308,136,4,824.9546566737265,Shipped,Unsatisfied,38
400,87,4,287.1015337799176,Returned,Unsatisfied,39
444,185,4,1868.7210927059893,Shipped,Neutral,40
442,156,3,1177.8761375600664,Pending,Very Satisfied,41
75,122,1,980.3863464176347,Pending,Neutral,42
685,121,4,286.0741892676996,Pending,Unsatisfied,43
691,63,2,554.4624755969254,Shipped,Neutral,44
373,45,4,555.2385777653199,,Very Satisfied,45
365,31,2,671.0338661862922,,Very Satisfied,46
220,158,1,1769.9207995243387,Delivered,Satisfied,47
175,115,2,1294.3010081138257,Shipped,Satisfied,48
427,84,1,1493.4619661990819,Delivered,Neutral,49
688,44,4,1239.9299382304991,Delivered,Satisfied,50
640,144,2,182.8777316046087,Pending,Neutral,51
26,127,2,953.6709195934599,Shipped,Very Satisfied,52
698,48,3,938.3589788888034,Shipped,Satisfied,53
578,55,2,383.94001715372093,Delivered,Unsatisfied,54
136,64,1,162.325384418544,Delivered,Satisfied,55
942,112,2,1584.8384808955539,Delivered,Neutral,56
7,52,1,1372.4324333533004,Shipped,Very Satisfied,57
420,189,2,1522.716701986187,Returned,Very Satisfied,58
533,159,2,699.0740126922543,Shipped,Very Satisfied,59
747,56,2,1046.4726487228018,,Very Satisfied,60
602,83,2,1658.5867044291508,Delivered,Neutral,61
419,73,2,1052.5166007977325,Shipped,Satisfied,62
334,65,4,546.5651602610379,,Satisfied,63
996,138,4,1694.9669267780114,Returned,Neutral,64
599,86,1,992.5946620332572,Shipped,Unsatisfied,65
756,47,3,474.7605605616838,Shipped,Satisfied,66
687,132,1,741.055026007431,Pending,Very Satisfied,67
331,169,2,963.3150407760702,Pending,Satisfied,68
793,35,1,1892.3163030713592,Delivered,Satisfied,69
620,108,3,509.36775760011307,Returned,Satisfied,70
952,35,2,606.995782468951,Pending,Very Satisfied,71
152,49,3,1343.024267231134,Shipped,Very Satisfied,72
499,57,2,987.9277718447584,Pending,Very Satisfied,73
637,168,3,1369.9525008796263,Delivered,Neutral,74
659,2,2,210.97045567482368,Pending,Unsatisfied,75
914,112,3,1625.1477034862983,Delivered,Very Satisfied,76
690,104,2,549.6567155864498,Delivered,Very Satisfied,77
833,79,4,132.06764187667233,Pending,Very Satisfied,78
591,145,3,1646.5077417789482,Delivered,Very Satisfied,79
958,133,3,162.4197406601004,Shipped,Neutral,80
440,67,3,724.3771638716539,Returned,Neutral,81
53,46,3,1556.689066507611,Delivered,Unsatisfied,82
547,99,1,178.04869317468984,Delivered,Very Satisfied,83
799,7,3,580.6229980807025,,Very Satisfied,84
310,129,1,1846.9470346553048,Delivered,Very Satisfied,85
986,38,1,1529.7205136731636,Shipped,Satisfied,86
47,131,2,666.0308642182943,Pending,Satisfied,87
479,104,1,1893.0047256856506,Pending,Very Satisfied,88
557,1,3,1134.4920223694862,Delivered,Satisfied,89
913,28,2,743.8978637862638,Returned,Satisfied,90
634,7,2,1795.530579521441,Shipped,Satisfied,91
530,47,3,232.6600143554452,Delivered,Very Satisfied,92
55,40,3,686.7917071814235,Pending,Very Satisfied,93
669,139,1,885.6249015927312,Delivered,Very Satisfied,94
697,133,3,463.7995682502172,Shipped,Satisfied,95
889,162,1,907.0927269094643,Delivered,Satisfied,96
661,118,4,240.9062074543012,Shipped,Very Satisfied,97
460,101,4,1346.6921739556008,Delivered,Satisfied,98
573,97,3,1039.4861864658146,Delivered,Satisfied,99
424,126,1,1359.276244025372,Shipped,Very Satisfied,100
396,91,2,1755.1806905167566,Pending,Satisfied,101
491,111,2,718.2692905153782,Delivered,Very Satisfied,102
970,32,3,1068.614138049181,Delivered,Satisfied,103
241,108,2,1010.4422330334553,Delivered,Neutral,104
73,164,4,1020.9753301959141,Delivered,Unsatisfied,105
951,50,4,1690.3280379197731,Delivered,Satisfied,106
512,125,4,1056.1155471115,Delivered,Neutral,107
250,88,2,1503.9712216239789,Pending,Very Satisfied,108
216,179,2,1947.4310599332503,Returned,Neutral,109
337,75,1,805.7026724266099,Returned,Very Satisfied,110
528,8,1,1801.0633788874482,Returned,Very Satisfied,111
363,42,1,702.0721929101665,Pending,Unsatisfied,112
699,3,1,1688.6430790484353,Shipped,Satisfied,113
735,75,4,108.7117704947769,Pending,Unsatisfied,114
928,24,2,621.5990958411958,Shipped,Very Satisfied,115
574,97,1,1483.4864575154631,Shipped,Very Satisfied,116
115,153,2,119.27256689457289,Delivered,Very Satisfied,117
734,69,1,964.5065760663805,Delivered,Satisfied,118
511,117,2,1345.1312992829237,Pending,Satisfied,119
12,5,2,1058.9050157288057,Shipped,Very Satisfied,120
997,14,4,693.0011557840761,Delivered,Satisfied,121
438,27,3,283.5516499182465,Pending,Very Satisfied,122
3,123,3,1019.832472261639,Pending,Satisfied,123
799,1,1,960.1754361233335,Pending,Very Satisfied,124
170,61,3,1608.207406697073,Shipped,Satisfied,125
116,7,1,1483.9601280612042,Shipped,Satisfied,126
923,129,3,887.3556468264678,Shipped,Very Satisfied,127
205,11,2,396.6888428097345,Returned,Neutral,128
973,143,4,171.87854987726178,Returned,Satisfied,129
825,163,2,1490.8901271042282,Delivered,Unsatisfied,130
492,131,4,155.19751045087747,Delivered,Unsatisfied,131
66,89,1,70.26930825242792,Delivered,Neutral,132
547,145,4,1553.9366885315421,Returned,Unsatisfied,133
794,168,2,1904.4263663167578,Delivered,Very Satisfied,134
896,77,3,1302.8090342826863,Returned,Very Satisfied,135
253,94,3,1517.9228137117927,Shipped,Neutral,136
143,39,1,852.619998829338,Shipped,Very Satisfied,137
461,92,1,1116.9715048766739,Pending,Neutral,138
684,140,2,224.7735402211147,Shipped,Very Satisfied,139
89,11,2,1488.8249011281255,Pending,Very Satisfied,140
750,98,4,527.2046695597221,Returned,Satisfied,141
736,15,1,833.5484755968956,Delivered,Very Satisfied,142
443,86,1,1059.0609610673255,Shipped,Very Satisfied,143
369,161,1,995.3379008157071,Returned,Very Satisfied,144
613,118,3,1800.7001873168188,Returned,Unsatisfied,145
456,17,2,237.11450177037662,Returned,Very Satisfied,146
362,161,2,1628.420282558858,Returned,Satisfied,147
490,80,2,680.0073656481568,Shipped,Very Satisfied,148
864,45,1,1724.5583123755662,Pending,Very Satisfied,149
506,93,2,485.2495029003921,Shipped,Neutral,150
734,146,4,1355.8713210136973,,Satisfied,151
288,106,1,713.6419108429657,Shipped,Unsatisfied,152
834,71,2,1943.726319418798,Pending,Very Satisfied,153
94,53,1,428.04967008623225,Returned,Neutral,154
71,153,1,1737.596440604748,Delivered,Neutral,155
165,51,4,1717.4272233275567,Delivered,Neutral,156
558,61,1,127.93743836260985,Shipped,Very Satisfied,157
790,119,2,1169.0522124543386,Shipped,Very Satisfied,158
312,149,3,1830.8398303378888,Returned,Satisfied,159
853,173,1,950.115548609648,Pending,Neutral,160
39,121,2,988.3267948869876,Pending,Satisfied,161
592,89,2,227.43149183960963,Shipped,Unsatisfied,162
152,166,2,767.2602293373643,Returned,Satisfied,163
747,72,1,666.9552707647085,Delivered,Neutral,164
382,22,3,1517.9989910299466,Delivered,Very Satisfied,165
777,160,2,1954.5735486953015,Delivered,Neutral,166
890,39,3,1432.5582285489447,Shipped,Neutral,167
736,54,2,1675.8189218564057,Shipped,Satisfied,168
700,77,1,93.09476207193035,Delivered,Very Satisfied,169
683,41,1,1415.0305658213458,Returned,Neutral,170
728,154,4,94.14122299667176,,Very Satisfied,171
995,51,1,1238.7485712131077,Shipped,Unsatisfied,172
469,65,4,1012.7652648802906,Shipped,Neutral,173
142,67,1,311.3913017309985,Delivered,Satisfied,174
264,149,2,425.7934238315504,,Satisfied,175
243,190,4,242.2804408056401,Returned,Very Satisfied,176
730,136,2,865.1892102130074,Delivered,Very Satisfied,177
716,1,2,394.16571462925947,,Very Satisfied,178
667,186,3,434.94867966776593,Returned,Neutral,179
853,16,3,495.5084883139416,Shipped,Very Satisfied,180
648,15,3,396.8549260459651,Pending,Very Satisfied,181
763,62,4,701.6688273977281,,Very Satisfied,182
103,35,4,1604.3215111996772,Pending,Very Satisfied,183
258,170,4,678.8782318596137,Delivered,Unsatisfied,184
783,47,2,763.6737404572445,Delivered,Neutral,185
336,162,2,643.103939858635,Pending,Satisfied,186
954,74,4,437.3982341897544,Returned,Very Satisfied,187
492,160,4,1821.1191858612804,Returned,Very Satisfied,188
586,79,1,440.2514581182037,Returned,Satisfied,189
684,101,3,352.01360074540406,Pending,Very Satisfied,190
636,10,2,1841.4740763165548,Shipped,Neutral,191
796,148,4,867.2137439821915,Delivered,Unsatisfied,192
873,51,2,564.9604918135366,Returned,Neutral,193
542,104,2,1568.6226918217478,Delivered,Satisfied,194
573,155,1,1507.798476883231,Returned,Satisfied,195
111,22,3,430.0196562496715,Delivered,Satisfied,196
679,146,1,464.6042281051529,Returned,Satisfied,197
982,104,3,535.8515193447824,Delivered,Very Satisfied,198
204,47,1,963.3146882743395,,Neutral,199
42,95,3,300.80725021767887,Delivered,Satisfied,200
427,150,2,1767.0660173776403,Pending,Neutral,201
916,71,3,420.48133598112366,Pending,Neutral,202
191,176,1,732.6523749396363,Pending,Satisfied,203
733,107,3,1442.304533633461,Shipped,Very Satisfied,204
164,95,1,1975.4815244037136,Shipped,Very Satisfied,205
544,142,1,1829.305474792324,Pending,Satisfied,206
428,17,2,1986.4882715970145,Pending,Very Satisfied,207
1,122,3,1798.7812587986527,Pending,Very Satisfied,208
246,101,4,126.49002993281476,Shipped,Very Satisfied,209
924,53,2,655.8706662543831,Shipped,Satisfied,210
415,141,4,568.3910376130522,Pending,Very Satisfied,211
799,167,3,1065.558920778601,Returned,Unsatisfied,212
39,56,3,870.7176164205107,Pending,Unsatisfied,213
925,159,3,203.96926051439726,Delivered,Neutral,214
780,84,2,311.48233291543255,Delivered,Satisfied,215
661,142,2,283.9804201440967,Delivered,Unsatisfied,216
604,140,1,1501.4875687292856,Delivered,Very Satisfied,217
351,63,2,686.7555312138229,Shipped,Very Satisfied,218
423,170,4,1186.1706061656728,Shipped,Very Satisfied,219
468,78,4,734.2410355516454,Delivered,Very Satisfied,220
611,172,4,139.1190143850418,Delivered,Very Satisfied,221
455,172,2,1946.1457275412185,Delivered,Very Satisfied,222
212,11,3,335.02627841746175,Pending,Very Satisfied,223
647,130,2,1600.965146825196,Returned,Unsatisfied,224
871,45,3,1950.8388752696612,,Satisfied,225
330,185,3,993.8262660499815,Pending,Neutral,226
607,73,1,1564.5183927673731,Shipped,Very Satisfied,227
541,152,4,1785.246852104899,Shipped,Unsatisfied,228
637,41,3,929.6592264692218,Delivered,Satisfied,229
608,25,2,1979.3505391458118,Pending,Unsatisfied,230
99,106,1,403.2525616825718,Shipped,Neutral,231
230,153,3,561.8220478414453,Returned,Neutral,232
14,79,2,1517.1030176766665,Shipped,Satisfied,233
176,1,4,1546.1570121773664,Shipped,Satisfied,234
446,185,1,321.95529090410304,Pending,Neutral,235
343,13,2,1440.5032598712567,Delivered,Neutral,236
509,14,1,529.4624477743532,Shipped,Very Satisfied,237
13,6,1,252.86667351772078,Delivered,Satisfied,238
413,44,4,1800.484385489123,Pending,Very Satisfied,239
641,42,2,1676.3912844944687,Returned,Satisfied,240
239,65,1,1935.6484835285373,Returned,Very Satisfied,241
154,104,4,1995.3117553093216,Shipped,Very Satisfied,242
374,34,2,292.63055320173896,Shipped,Neutral,243
167,135,1,1528.8049702291826,Shipped,Very Satisfied,244
261,58,4,371.31193369692556,Pending,Satisfied,245
1,35,1,1626.622662746582,Returned,Neutral,246
169,68,3,1251.4710479554722,Pending,Very Satisfied,247
679,96,1,395.6839518485497,Returned,Very Satisfied,248
208,180,4,1903.3547577875756,Delivered,Unsatisfied,249
61,31,4,1746.5670138867604,Shipped,Neutral,250
335,6,4,94.59981838314819,Delivered,Neutral,251
792,132,4,100.06957454607931,Shipped,Neutral,252
578,163,3,956.329666506208,Delivered,Very Satisfied,253
666,165,2,1082.6880903102215,Returned,Very Satisfied,254
270,157,1,1035.5356132973063,Delivered,Neutral,255
81,29,4,1373.8010227200136,Pending,Satisfied,256
642,122,4,472.3831480002302,Returned,Satisfied,257
962,112,1,978.5868820167551,Returned,Neutral,258
635,173,3,798.452023454849,Pending,Very Satisfied,259
107,127,3,1889.6324002002139,Delivered,Very Satisfied,260
902,189,3,1777.7086052086047,Pending,Neutral,261
568,2,2,555.3821764373102,Shipped,Unsatisfied,262
337,174,4,1908.3048538048852,Returned,Neutral,263
102,161,4,1974.9334805476212,Shipped,Unsatisfied,264
263,61,2,1900.2864561711265,Shipped,Very Satisfied,265
807,22,4,598.288836339456,Pending,Very Satisfied,266
139,171,3,1177.1758505654107,Shipped,Neutral,267
646,2,3,1703.2811294359672,Returned,Satisfied,268
674,20,3,508.03744691958224,Delivered,Very Satisfied,269
777,82,2,183.72461456192963,Pending,Very Satisfied,270
147,87,2,1350.7210373356959,Shipped,Neutral,271
521,144,3,1527.7547475043075,Shipped,Satisfied,272
765,180,4,522.3163569188449,Pending,Unsatisfied,273
290,125,4,1598.1535949653844,Shipped,Very Satisfied,274
507,12,1,72.40183909904516,Pending,Unsatisfied,275
71,103,1,1890.7434285744778,Pending,Very Satisfied,276
338,67,4,318.1840913590098,Delivered,Very Satisfied,277
342,83,4,542.2742388341783,Returned,Satisfied,278
387,46,4,344.5784954886763,Delivered,Very Satisfied,279
786,82,2,1422.987613039217,Returned,Satisfied,280
548,124,4,1033.3175433747836,Pending,Neutral,281
190,91,4,953.9369733862982,Returned,Very Satisfied,282
285,34,2,1299.5434750872867,Delivered,Satisfied,283
459,20,4,540.1138888898338,Delivered,Very Satisfied,284
81,117,4,350.3270854752684,Delivered,Unsatisfied,285
314,28,1,1924.8317163752142,Returned,Very Satisfied,286
959,13,4,181.34137085017502,Returned,Neutral,287
459,25,3,741.2474878051969,Pending,Very Satisfied,288
613,9,1,1511.542127618802,Pending,Very Satisfied,289
295,154,4,1601.0194699762915,Pending,Very Satisfied,290
959,76,1,1219.1346930622756,Delivered,Neutral,291
681,81,2,430.45590780621114,Returned,Unsatisfied,292
497,91,3,872.3206803602363,Shipped,Very Satisfied,293
306,112,2,650.4909976799802,Returned,Satisfied,294
866,4,1,1298.797059857186,Delivered,Satisfied,295
834,167,3,627.0229733926252,Shipped,Satisfied,296
773,13,1,53.580962187034004,Delivered,Neutral,297
581,111,3,460.47965529368975,Returned,Neutral,298
805,85,1,1137.4653639454732,Shipped,Very Satisfied,299
576,56,2,1979.7924029555224,Delivered,Satisfied,300
136,109,2,1730.2187522421373,Delivered,Very Satisfied,301
434,132,3,1630.7978865931736,Shipped,Very Satisfied,302
851,40,2,1622.7862291567335,Pending,Very Satisfied,303
819,42,3,673.7788585570671,Shipped,Very Satisfied,304
770,110,3,785.956576044923,Pending,Satisfied,305
828,19,2,300.872053735676,Delivered,Unsatisfied,306
93,97,1,1372.9772280598365,Shipped,Very Satisfied,307
561,93,4,217.99087282768343,Delivered,Neutral,308
734,149,2,509.62180753048034,Shipped,Very Satisfied,309
775,176,4,1058.2503892391464,Returned,Neutral,310
242,103,4,1563.0878905097024,Pending,Very Satisfied,311
360,142,3,794.3039061235407,Pending,Satisfied,312
130,49,4,767.9571205814602,Delivered,Unsatisfied,313
198,78,4,1332.9601747839913,Delivered,Very Satisfied,314
735,177,4,1816.2063394295303,Returned,Very Satisfied,315
521,149,1,924.4892809405267,Pending,Unsatisfied,316
823,60,1,1584.467063187642,Returned,Very Satisfied,317
108,137,3,468.1499769999953,Returned,Unsatisfied,318
40,3,1,459.5711416243776,Returned,Very Satisfied,319
38,62,2,1708.0637285303633,Pending,Satisfied,320
624,94,2,1061.7796754686835,Shipped,Satisfied,321
259,98,2,1816.1450177966665,Returned,Neutral,322
430,137,1,1857.6058607798434,Shipped,Unsatisfied,323
628,139,2,291.6794623401089,Returned,Satisfied,324
694,57,3,686.1737810507123,Shipped,Very Satisfied,325
156,22,1,1904.0749086263197,Pending,Neutral,326
856,48,3,1738.2997874361567,Returned,Satisfied,327
13,89,3,132.174654765671,Shipped,Very Satisfied,328
341,177,1,394.72506442933326,Returned,Neutral,329
333,74,4,1282.3904212350894,Pending,Very Satisfied,330
770,27,2,871.8278972663743,Returned,Very Satisfied,331
608,103,3,59.79784818773913,Shipped,Neutral,332
430,110,3,1001.5570832089034,Shipped,Very Satisfied,333
978,26,3,1832.406045668638,Pending,Very Satisfied,334
258,34,1,1947.8505902166746,Pending,Satisfied,335
704,177,3,1866.367166831449,Returned,Neutral,336
813,66,4,184.8642768968591,Shipped,Satisfied,337
960,38,3,1982.8756041764075,Pending,Very Satisfied,338
670,109,2,1845.770326185324,Returned,Unsatisfied,339
811,12,2,1174.9773520302415,Delivered,Very Satisfied,340
204,172,4,1163.4977173150041,Delivered,Unsatisfied,341
697,66,3,618.989475009415,Delivered,Satisfied,342
62,145,1,511.3713295086078,Shipped,Very Satisfied,343
673,97,4,1575.7787333472372,Returned,Unsatisfied,344
330,21,3,1027.8536485532718,Shipped,Very Satisfied,345
361,58,4,930.0269302930562,Delivered,Very Satisfied,346
663,70,3,456.0477879261256,Shipped,Satisfied,347
10,77,2,90.83016162492258,Pending,Neutral,348
663,149,3,1109.0665229726885,Pending,Neutral,349
439,115,1,1434.307393457886,Pending,Very Satisfied,350
166,187,4,1527.2304759938584,Shipped,Satisfied,351
697,92,4,653.0537293919438,Returned,Unsatisfied,352
766,12,4,786.2754550471832,Delivered,Satisfied,353
776,97,3,586.5950389233401,Delivered,Satisfied,354
783,91,1,1657.1644789223076,Returned,Unsatisfied,355
703,158,2,1134.2843660354345,Returned,Satisfied,356
790,42,4,1671.7652320248656,Delivered,Very Satisfied,357
449,8,2,185.1093122683945,Shipped,Unsatisfied,358
809,111,1,385.24028406545415,Returned,Satisfied,359
850,3,1,380.3399301158961,Pending,Unsatisfied,360
28,64,1,959.9281589564213,Pending,Satisfied,361
509,60,1,975.9620712968965,Shipped,Neutral,362
83,133,4,691.4038531088925,Returned,Unsatisfied,363
445,52,2,1520.0388052730505,Returned,Very Satisfied,364
957,9,1,355.489235049592,Delivered,Very Satisfied,365
999,23,2,226.53048305421146,Returned,Neutral,366
66,7,2,1131.709012591437,Shipped,Very Satisfied,367
980,56,4,408.4666795232729,Pending,Satisfied,368
373,19,3,1118.3837840629185,Returned,Very Satisfied,369
793,7,3,665.6550237078126,Shipped,Satisfied,370
983,6,4,1895.211143846644,Returned,Very Satisfied,371
97,43,1,759.8269342061236,Shipped,Very Satisfied,372
449,64,1,1939.0929868108906,Shipped,Very Satisfied,373
516,11,3,1779.0615286319892,Pending,Satisfied,374
438,184,3,1199.2170482308334,Returned,Neutral,375
698,142,2,128.6074409200357,Pending,Satisfied,376
496,105,4,772.4892927648003,Returned,Satisfied,377
913,116,3,1225.546780728658,Shipped,Neutral,378
898,170,2,1526.0715210980243,Returned,Satisfied,379
550,57,3,935.6612480221497,Pending,Unsatisfied,380
880,16,4,1851.1847012271262,Delivered,Satisfied,381
852,99,4,334.72367366444075,Returned,Very Satisfied,382
240,119,1,1991.4961252043909,Delivered,Neutral,383
298,188,2,1014.4338634031965,Pending,Very Satisfied,384
175,134,4,1720.6480420649639,Delivered,Unsatisfied,385
252,22,1,729.1502601972884,Pending,Neutral,386
982,21,3,720.7835980527784,Returned,Neutral,387
713,25,1,1806.3358175616243,Shipped,Very Satisfied,388
268,126,3,1615.8644610673498,Shipped,Satisfied,389
48,157,1,1825.3454422104019,Pending,Satisfied,390
342,171,1,976.5707066136571,Shipped,Neutral,391
394,127,3,1301.9782339365504,Delivered,Neutral,392
768,170,2,1206.7212370049967,,Very Satisfied,393
225,89,1,1524.5139282035052,Returned,Neutral,394
728,133,1,808.7335298130843,Returned,Very Satisfied,395
7,30,1,1733.4548289820295,Returned,Very Satisfied,396
870,126,3,1326.4887422059508,Returned,Very Satisfied,397
844,163,1,1745.608012573193,Shipped,Neutral,398
401,94,2,1615.2028599885662,Shipped,Neutral,399
157,116,4,369.78101599205263,Delivered,Very Satisfied,400
21,44,4,1734.899943279575,Delivered,Satisfied,401
423,179,3,1719.8281997269737,Pending,Neutral,402
618,119,3,768.0995109855666,Shipped,Very Satisfied,403
817,166,2,583.9981088294525,Pending,Satisfied,404
833,122,3,818.3830452684324,Returned,Satisfied,405
904,149,1,433.6198494357391,,Neutral,406
73,72,3,1981.7378867891405,Shipped,Very Satisfied,407
280,59,4,1456.5742876646536,Delivered,Very Satisfied,408
515,129,3,700.9107687491245,Pending,Very Satisfied,409
484,100,2,801.3778958528476,Returned,Very Satisfied,410
223,26,3,1365.6703044679123,Pending,Satisfied,411
580,8,4,1795.598406249826,Delivered,Satisfied,412
315,51,4,1082.2115287830366,Shipped,Satisfied,413
494,186,1,1224.04311693068,Delivered,Satisfied,414
987,104,2,1531.6422189749244,Pending,Neutral,415
215,45,3,994.5748439410827,Returned,Very Satisfied,416
121,190,3,430.58376469081014,Delivered,Very Satisfied,417
36,140,2,79.7789356400749,Returned,Very Satisfied,418
309,142,1,1447.0604636932078,Returned,Neutral,419
808,32,3,1288.6751535259475,Shipped,Satisfied,420
439,142,3,1028.356790040105,Shipped,Very Satisfied,421
820,26,4,1010.7984998998742,Shipped,Satisfied,422
408,63,4,1739.3837489229766,Delivered,Neutral,423
111,40,4,1275.5119049814225,Pending,Very Satisfied,424
936,51,3,64.3645769369336,Pending,Very Satisfied,425
789,77,4,654.7033629426465,Shipped,Very Satisfied,426
448,71,4,1805.889262107477,Returned,Satisfied,427
949,78,3,218.8826918497293,Pending,Satisfied,428
673,26,3,1761.7284601249817,Returned,Neutral,429
466,106,3,1813.3822988273878,Delivered,Neutral,430
85,156,3,555.3270242315134,Shipped,Satisfied,431
891,68,4,1136.9308344386905,Shipped,Very Satisfied,432
740,63,3,1371.4262626369957,Shipped,Unsatisfied,433
669,7,2,822.6132777142083,Delivered,Very Satisfied,434
453,57,2,172.90148790963127,Returned,Satisfied,435
436,174,3,864.6247771687212,Delivered,Unsatisfied,436
233,127,3,966.0403666839858,Shipped,Neutral,437
25,98,1,168.43940345341178,Pending,Unsatisfied,438
660,32,3,523.088954394721,Pending,Very Satisfied,439
698,106,4,381.53087287627795,Returned,Very Satisfied,440
977,110,2,1495.4819825255672,Delivered,Very Satisfied,441
827,107,1,707.5503636490449,Returned,Neutral,442
592,69,2,293.01267767660556,Shipped,Very Satisfied,443
176,74,2,1638.9965889392163,Returned,Neutral,444
406,118,2,1128.6708057571095,Shipped,Satisfied,445
709,159,4,1897.7115708453741,Returned,Unsatisfied,446
548,87,2,1131.995673623927,Pending,Very Satisfied,447
41,11,2,818.7054807303126,Delivered,Very Satisfied,448
920,10,3,1940.8900594692714,Delivered,Unsatisfied,449
624,72,2,1296.887856832007,Delivered,Satisfied,450
867,47,3,1779.2601809574394,Pending,Very Satisfied,451
527,145,3,1813.469432412289,Pending,Unsatisfied,452
334,52,3,571.921115491836,Delivered,Unsatisfied,453
796,141,3,1281.4242506857033,Pending,Neutral,454
841,38,4,832.4186536726919,Shipped,Neutral,455
559,66,3,247.15565431312558,Returned,Neutral,456
572,49,1,872.7427260594515,Shipped,Satisfied,457
625,70,1,922.2037684207154,Shipped,Neutral,458
285,168,1,510.94936746454687,Returned,Very Satisfied,459
320,135,2,1422.561770347978,Returned,Very Satisfied,460
839,65,2,433.06455623708774,Delivered,Satisfied,461
644,46,2,578.7293453498819,Shipped,Unsatisfied,462
992,112,2,999.8305220670253,Shipped,Satisfied,463
426,142,2,645.9347220602259,Returned,Satisfied,464
118,25,2,1822.0740550927853,Delivered,Very Satisfied,465
902,124,4,625.085040142147,Pending,Satisfied,466
53,69,2,1514.6029846694046,Delivered,Very Satisfied,467
828,150,2,182.2817663918281,Returned,Satisfied,468
852,156,1,1340.051770252706,Returned,Satisfied,469
221,17,4,442.89754950761966,Returned,Satisfied,470
680,23,1,1035.8604664498444,Pending,Satisfied,471
741,53,2,1442.195788946525,Returned,Satisfied,472
136,109,3,887.9821890797358,Pending,Very Satisfied,473
92,162,2,739.0239507584361,Shipped,Satisfied,474
511,84,1,1665.0211793778442,Returned,Unsatisfied,475
815,117,2,1269.4807851993587,Shipped,Satisfied,476
615,141,4,1260.5471016506465,Pending,Neutral,477
806,155,3,620.6907427895285,Delivered,Neutral,478
89,146,2,286.87722661819066,Shipped,Very Satisfied,479
341,35,1,340.53790168964684,Delivered,Satisfied,480
848,65,3,729.898007116015,Returned,Very Satisfied,481
177,177,3,701.7058035283723,Pending,Very Satisfied,482
852,123,1,984.9251605796525,Shipped,Satisfied,483
467,126,3,259.0944326432909,Pending,Neutral,484
319,112,1,1664.581579231493,Returned,Unsatisfied,485
621,21,4,1010.5341198826836,Pending,Very Satisfied,486
218,184,1,601.3456601848361,Returned,Very Satisfied,487
754,73,2,1039.6244306765664,Pending,Neutral,488
590,28,2,1022.4018491831428,Pending,Satisfied,489
635,181,4,391.59014683272335,Returned,Very Satisfied,490
702,41,3,1818.8924166585398,Delivered,Neutral,491
91,147,4,1382.175689428537,Shipped,Unsatisfied,492
437,156,1,614.1439174812174,Delivered,Satisfied,493
808,46,1,1253.2652874107275,Returned,Satisfied,494
690,42,1,1443.720321987888,Shipped,Satisfied,495
306,94,1,764.4744647713111,Pending,Satisfied,496
373,39,1,1843.5530842232017,Shipped,Very Satisfied,497
239,25,2,413.0676644153386,Pending,Neutral,498
978,73,1,872.3268417542531,Returned,Very Satisfied,499
177,47,3,1906.8240501412497,Delivered,Unsatisfied,500
530,38,2,624.5354441729081,Pending,Very Satisfied,501
145,95,4,959.1829524868036,Pending,Very Satisfied,502
318,147,4,468.72671692076983,Pending,Neutral,503
648,180,1,1046.8379449137192,Pending,Satisfied,504
487,115,4,1813.556599423032,Delivered,Very Satisfied,505
775,5,4,165.4521349499529,Shipped,Neutral,506
723,87,2,1429.9584636335624,Shipped,Unsatisfied,507
930,152,2,1566.451756505648,Pending,Satisfied,508
384,32,3,898.5511293566901,Delivered,Satisfied,509
853,19,4,1020.5134225754177,Returned,Neutral,510
973,162,4,1920.4045999449768,Shipped,Very Satisfied,511
869,69,4,745.06348011137,Shipped,Unsatisfied,512
944,159,4,1020.5121048570005,Delivered,Very Satisfied,513
571,182,3,463.67904482165426,Delivered,Very Satisfied,514
821,63,2,1961.1018738563876,Shipped,Satisfied,515
713,143,3,495.0543860577381,Shipped,Very Satisfied,516
636,139,2,1594.559850870521,Returned,Very Satisfied,517
798,31,3,266.8466763894035,Returned,Satisfied,518
972,113,4,1774.4625484630171,Shipped,Satisfied,519
564,189,4,106.32003277589865,,Very Satisfied,520
536,115,3,1960.1698662267593,Pending,Unsatisfied,521
996,74,2,1552.9527789447638,Returned,Satisfied,522
667,175,2,1877.9533701828914,Shipped,Very Satisfied,523
214,65,1,418.71234143554364,Pending,Very Satisfied,524
107,139,3,73.02361148850764,Delivered,Very Satisfied,525
601,87,3,1067.3433973042265,Shipped,Neutral,526
186,132,3,1680.9638052647445,Delivered,Unsatisfied,527
243,57,2,1711.4520081911899,Returned,Satisfied,528
54,61,4,281.81326103292594,Shipped,Very Satisfied,529
190,28,1,1662.2212463640158,Shipped,Very Satisfied,530
919,176,2,1869.5441563718036,Delivered,Satisfied,531
147,166,1,1771.0103812050083,Returned,Very Satisfied,532
848,87,3,272.25358491405757,Delivered,Satisfied,533
458,165,2,1205.7056008653387,Returned,Satisfied,534
322,82,1,1517.811904714089,Returned,Very Satisfied,535
62,7,4,329.8248701300158,Shipped,Very Satisfied,536
982,36,4,633.841290987943,Returned,Satisfied,537
557,69,3,96.41253760754853,Delivered,Very Satisfied,538
480,160,1,1580.6619572102538,Returned,Very Satisfied,539
55,31,3,1526.3070920514353,Returned,Neutral,540
774,33,2,332.71327944539405,Delivered,Neutral,541
589,153,3,1471.283185624918,Returned,Very Satisfied,542
970,75,4,863.6215686761639,Pending,Very Satisfied,543
353,153,3,153.79753493829026,Pending,Very Satisfied,544
768,87,3,381.79380173945657,Shipped,Satisfied,545
353,115,4,1293.2184031416045,Pending,Very Satisfied,546
730,165,2,336.7675779946414,Shipped,Very Satisfied,547
968,87,3,1374.4308298262108,Delivered,Very Satisfied,548
739,65,2,664.9051579559681,Returned,Satisfied,549
521,130,3,963.530742942995,Shipped,Very Satisfied,550
151,156,2,1720.2676114713863,Shipped,Very Satisfied,551
169,181,3,1485.7341440258554,Returned,Very Satisfied,552
782,64,1,1674.9883547664117,Returned,Satisfied,553
556,139,3,176.43755220145528,Returned,Very Satisfied,554
440,110,3,141.33656604314575,Delivered,Very Satisfied,555
354,73,4,195.0885746443064,Returned,Satisfied,556
478,38,1,355.03099518907396,Shipped,Very Satisfied,557
930,81,2,255.20370558139848,Pending,Satisfied,558
298,58,3,328.4262697589342,Delivered,Very Satisfied,559
975,43,1,71.4883337578543,Delivered,Very Satisfied,560
545,115,3,1517.030001643544,Shipped,Very Satisfied,561
388,71,2,1660.03148145948,Returned,Very Satisfied,562
154,117,3,1947.1122073914817,Returned,Very Satisfied,563
873,134,3,1052.297057079795,Delivered,Neutral,564
708,177,4,738.5040892878047,Pending,Very Satisfied,565
315,174,1,367.42871419857016,Shipped,Satisfied,566
234,35,1,1074.5538416397644,Pending,Very Satisfied,567
668,52,1,1909.53047165893,Delivered,Very Satisfied,568
166,18,1,983.235261821403,Delivered,Very Satisfied,569
560,178,2,1848.4108133690595,Pending,Neutral,570
982,140,3,1774.455705140485,Shipped,Very Satisfied,571
998,8,3,886.7941112100146,,Neutral,572
105,153,3,503.9171272326272,Shipped,Very Satisfied,573
200,43,2,692.958785760474,Shipped,Neutral,574
755,119,2,525.7987695673495,Pending,Very Satisfied,575
635,67,3,316.8854620248902,Pending,Neutral,576
1000,187,4,1892.373409202904,Delivered,Very Satisfied,577
995,46,3,372.16645283693447,Shipped,Satisfied,578
886,50,4,1143.822345097516,Pending,Satisfied,579
114,154,2,1763.6897900329227,Pending,Satisfied,580
828,113,3,1478.8857036450502,Delivered,Neutral,581
429,82,3,1480.2775808689412,Delivered,Very Satisfied,582
651,51,4,393.69314591444765,Pending,Satisfied,583
948,85,2,1326.4439091041963,Delivered,Unsatisfied,584
478,6,3,170.40891988098056,Shipped,Unsatisfied,585
350,168,1,1942.8960343789536,Delivered,Satisfied,586
133,140,3,765.98461021503,Shipped,Very Satisfied,587
156,134,1,1652.942641087398,Returned,Unsatisfied,588
95,156,4,1941.1571092049116,Delivered,Very Satisfied,589
704,92,1,409.01423710361667,Returned,Neutral,590
66,106,3,1961.6622058682872,Shipped,Very Satisfied,591
401,180,2,1988.5521799809505,Returned,Satisfied,592
681,139,2,1800.0495432700682,Pending,Unsatisfied,593
706,33,2,784.0298544273703,Shipped,Neutral,594
98,85,4,547.8633179925616,Delivered,Very Satisfied,595
940,20,4,481.7457177542677,Delivered,Satisfied,596
216,179,2,1356.0820874402687,,Satisfied,597
379,103,4,1939.3783286987475,Shipped,Satisfied,598
424,97,3,916.5281530049098,Shipped,Satisfied,599
123,181,2,273.29817570840964,Shipped,Neutral,600
274,52,4,1846.3103821239886,,Neutral,601
12,174,4,1962.4589081979718,Delivered,Neutral,602
848,98,4,1211.841087793723,Shipped,Very Satisfied,603
410,178,3,1442.9986962759795,Returned,Satisfied,604
433,184,1,1465.183577169811,Pending,Unsatisfied,605
650,26,1,1443.064162382392,Returned,Unsatisfied,606
319,31,3,260.22294562538457,Delivered,Unsatisfied,607
660,36,1,982.0320130552789,Pending,Neutral,608
644,174,3,746.9994344453213,Returned,Satisfied,609
878,87,2,1406.5702557127488,Delivered,Very Satisfied,610
984,71,1,1542.5424187536817,Shipped,Satisfied,611
37,49,1,772.1880961356095,Delivered,Very Satisfied,612
584,131,1,593.9657433158686,Returned,Very Satisfied,613
909,63,2,93.03519307032386,Returned,Very Satisfied,614
444,5,1,1660.280053223129,Returned,Very Satisfied,615
516,41,4,833.1083647523949,Delivered,Very Satisfied,616
40,109,4,563.9692707312888,Shipped,Unsatisfied,617
903,22,3,844.5805660011556,Shipped,Satisfied,618
269,105,2,522.29381056987,Pending,Satisfied,619
854,156,1,1392.168640610797,Returned,Neutral,620
92,171,3,640.2134423474558,Pending,Satisfied,621
287,64,4,1636.8470016880956,Returned,Very Satisfied,622
134,134,1,976.9912530477137,Delivered,Neutral,623
399,134,1,1631.6930629159042,,Neutral,624
459,95,2,1120.786492186222,Returned,Very Satisfied,625
60,6,4,727.7707785938393,Pending,Very Satisfied,626
199,14,2,527.435766342339,Pending,Satisfied,627
583,81,3,488.32313513284885,Returned,Satisfied,628
10,138,1,1492.5008734008732,Delivered,Very Satisfied,629
475,174,2,965.6226812063558,Delivered,Very Satisfied,630
108,41,4,361.0978021975509,Returned,Unsatisfied,631
47,8,1,529.9799758631729,Returned,Very Satisfied,632
593,63,2,1894.035956427739,Returned,Satisfied,633
486,130,4,1792.0963299665707,Shipped,Satisfied,634
921,183,2,1166.7569958314418,Returned,Unsatisfied,635
456,133,3,456.1953080351771,Pending,Satisfied,636
956,175,3,398.0667503503335,Delivered,Very Satisfied,637
345,165,2,1031.6588202833113,Returned,Very Satisfied,638
68,173,4,1680.1009816691173,Pending,Very Satisfied,639
768,7,3,592.9329627359515,Delivered,Neutral,640
376,75,2,1520.544155197036,Delivered,Satisfied,641
801,27,3,1906.931463086212,Delivered,Satisfied,642
943,182,2,1226.340702683913,Pending,Very Satisfied,643
795,183,2,80.52476618683136,Pending,Very Satisfied,644
317,87,1,59.40181745042807,Shipped,Neutral,645
679,110,1,480.2765818723809,Returned,Neutral,646
319,185,3,573.7714563234058,Returned,Very Satisfied,647
699,15,2,885.7648686354869,Shipped,Neutral,648
522,75,1,1402.2877745797362,Shipped,Very Satisfied,649
930,107,2,1204.1085818431895,Pending,Very Satisfied,650
80,83,1,1355.4650160899919,Shipped,Unsatisfied,651
336,28,2,951.7060501896083,Pending,Very Satisfied,652
741,7,3,142.53021248231545,Returned,Neutral,653
682,135,2,1931.6265009762817,Shipped,Unsatisfied,654
229,62,4,1207.1682440157285,Pending,Neutral,655
494,83,1,950.259664736065,Shipped,Very Satisfied,656
569,128,4,714.1154737132335,Pending,Very Satisfied,657
456,35,2,363.30780559929013,Delivered,Very Satisfied,658
400,171,3,63.99731857404207,Delivered,Very Satisfied,659
968,105,1,1023.7553175725708,Returned,Satisfied,660
650,126,2,1175.3633313969124,Returned,Neutral,661
823,8,2,927.9482970694819,Delivered,Neutral,662
881,138,3,1488.1698600103541,Pending,Very Satisfied,663
523,180,4,1659.0931611974725,Returned,Unsatisfied,664
894,35,3,828.1179438450155,Delivered,Satisfied,665
337,65,4,1284.1506128616459,Returned,Neutral,666
860,46,3,176.4986632532415,Returned,Very Satisfied,667
245,120,4,578.1657513518091,Delivered,Neutral,668
138,168,2,1117.3812882681273,,Very Satisfied,669
390,52,4,1844.6909681035552,Pending,Satisfied,670
200,47,2,1305.2486145520334,Pending,Unsatisfied,671
952,80,3,725.2602598508436,Delivered,Very Satisfied,672
123,93,3,645.3720659828049,Delivered,Very Satisfied,673
619,19,3,156.84706933884888,Shipped,Very Satisfied,674
319,44,1,485.28691385341295,Shipped,Neutral,675
322,144,2,120.47393845507541,Returned,Very Satisfied,676
655,179,4,1001.8831550364206,Shipped,Very Satisfied,677
423,9,2,923.5788332381114,Pending,Very Satisfied,678
543,115,3,461.7635678117823,Delivered,Satisfied,679
308,168,2,690.6020520011392,Pending,Unsatisfied,680
946,122,2,653.6049879698858,Pending,Very Satisfied,681
80,152,2,1525.47570191387,Delivered,Satisfied,682
699,96,1,1039.06704475259,Delivered,Unsatisfied,683
713,172,3,87.78312282381201,Shipped,Very Satisfied,684
856,1,2,1622.828964185504,Shipped,Very Satisfied,685
870,148,3,1079.9100748220194,Returned,Unsatisfied,686
526,161,2,943.9408509230678,Delivered,Very Satisfied,687
915,121,1,1542.6600251963002,Returned,Satisfied,688
228,177,3,817.2803199896447,Pending,Satisfied,689
228,65,2,1622.8120224209297,Shipped,Satisfied,690
445,1,4,1613.8965263231566,Delivered,Satisfied,691
473,106,2,837.461378984323,Delivered,Satisfied,692
352,154,1,1750.5671410562818,Returned,Very Satisfied,693
138,133,2,687.959393802172,Shipped,Very Satisfied,694
854,4,4,326.5283690265689,Delivered,Very Satisfied,695
393,109,4,1008.1338045216123,Shipped,Satisfied,696
29,5,4,571.1176397543782,Returned,Very Satisfied,697
578,42,1,98.7406940015483,Pending,Very Satisfied,698
571,162,3,1308.9563397175111,,Very Satisfied,699
431,62,2,1887.5225896001111,Shipped,Neutral,700
155,167,3,836.7223641529448,Pending,Neutral,701
587,128,3,1218.8244904521,Returned,Satisfied,702
586,115,4,1497.7078469585904,Returned,Satisfied,703
864,19,2,976.7240413422455,Returned,Unsatisfied,704
174,59,2,974.8549023683335,,Neutral,705
124,93,2,1883.2037265009828,Returned,Neutral,706
303,87,4,1777.3247458822984,,Neutral,707
39,132,2,468.98642302712415,Pending,Satisfied,708
252,109,3,1601.6893701846018,Pending,Neutral,709
764,136,4,935.6695769303201,Returned,Neutral,710
673,136,2,1180.7353014733458,Shipped,Very Satisfied,711
180,112,2,1514.0580607675506,Shipped,Very Satisfied,712
46,116,4,1808.9336285173442,Delivered,Neutral,713
870,186,4,780.1764722945995,Pending,Very Satisfied,714
633,83,1,601.2203338381935,Shipped,Unsatisfied,715
163,179,1,579.2056947514543,Delivered,Neutral,716
144,107,3,1019.7431224933295,Shipped,Satisfied,717
894,128,1,460.9551268156681,Returned,Very Satisfied,718
117,37,2,955.8862758208927,Returned,Satisfied,719
94,139,4,121.86053620959629,Returned,Very Satisfied,720
559,188,4,1680.6692799963046,Returned,Neutral,721
454,105,4,961.1610653070095,Delivered,Very Satisfied,722
282,18,4,416.72323349076186,Shipped,Very Satisfied,723
573,161,4,721.0840359337358,Pending,Satisfied,724
956,55,1,1489.9157170394012,Pending,Neutral,725
475,178,3,892.3243144934589,Pending,Neutral,726
898,176,1,613.0784763531921,Returned,Satisfied,727
438,7,3,570.0632625241012,Pending,Unsatisfied,728
696,19,1,305.14197109114696,Pending,Very Satisfied,729
835,107,2,1814.8331829815033,Shipped,Very Satisfied,730
252,173,3,255.60485591358324,Shipped,Satisfied,731
316,126,3,120.55758043792906,Delivered,Satisfied,732
810,53,2,1814.6648846628134,Shipped,Very Satisfied,733
386,21,2,1335.4295186684021,Returned,Unsatisfied,734
472,53,1,804.70100495225,Delivered,Neutral,735
275,55,3,1427.2998021639241,Pending,Very Satisfied,736
694,160,2,1672.2983481243102,Returned,Very Satisfied,737
254,97,4,249.75295413704885,,Very Satisfied,738
952,121,3,928.8162498111905,Delivered,Very Satisfied,739
563,173,1,1257.5028939656675,Shipped,Neutral,740
664,56,3,403.3276807630958,Delivered,Very Satisfied,741
497,173,3,331.9345886436362,Shipped,Satisfied,742
256,84,4,1198.0326968664087,Returned,Very Satisfied,743
151,176,3,959.2885170065146,Pending,Neutral,744
333,133,1,1683.1328961267693,Returned,Satisfied,745
147,19,4,1669.4815716831095,,Satisfied,746
598,137,1,1267.3191528710634,Delivered,Very Satisfied,747
710,64,4,808.7638986651353,Shipped,Satisfied,748
19,54,1,120.76604105718476,Pending,Neutral,749
800,175,3,1830.7852862955524,Returned,Satisfied,750
55,67,4,592.5053948447863,Delivered,Satisfied,751
570,190,1,1886.7017675714555,Shipped,Satisfied,752
988,50,2,305.0733290592486,Delivered,Unsatisfied,753
583,182,2,1478.2474225236504,Delivered,Satisfied,754
721,68,2,474.7407313161796,Delivered,Satisfied,755
288,98,2,604.2747827318354,Returned,Very Satisfied,756
74,155,3,1902.671176086029,Shipped,Satisfied,757
209,136,1,1840.0586937798228,Delivered,Neutral,758
669,83,2,482.68241915206755,Shipped,Neutral,759
356,89,4,1730.3412378835512,Pending,Very Satisfied,760
684,9,2,515.7114708142885,Returned,Satisfied,761
972,60,3,560.093097084237,Shipped,Neutral,762
768,64,4,1865.3860961057726,Delivered,Neutral,763
544,5,4,1969.087122566842,Returned,Unsatisfied,764
828,62,2,1584.6039910825732,Returned,Satisfied,765
503,49,3,1781.4410390046696,Pending,Satisfied,766
773,4,1,712.1858312804171,Returned,Very Satisfied,767
415,105,4,1245.5097766474596,Delivered,Very Satisfied,768
214,102,2,948.1398505190291,Pending,Neutral,769
26,56,1,802.2567396175933,Returned,Very Satisfied,770
291,81,4,1189.2985801509387,Pending,Neutral,771
942,3,3,303.25990442656905,Delivered,Very Satisfied,772
374,55,2,1531.6665574516549,Pending,Neutral,773
734,48,2,726.4227067142496,Returned,Very Satisfied,774
243,146,3,1414.8102936917394,Shipped,Neutral,775
96,70,1,629.7986564960353,Returned,Satisfied,776
104,184,3,1958.209581840594,Shipped,Satisfied,777
510,177,4,955.9920443690421,Returned,Neutral,778
597,39,3,254.24332988850045,Returned,Satisfied,779
316,133,4,1736.609056281315,Delivered,Very Satisfied,780
732,51,4,551.4434351988879,Delivered,Satisfied,781
441,108,3,140.77749632998683,Pending,Very Satisfied,782
510,100,1,1958.4930579924012,Shipped,Very Satisfied,783
596,103,1,674.8199909666646,Delivered,Very Satisfied,784
356,173,1,1721.5084640056314,Shipped,Neutral,785
247,57,1,1014.3568430620371,Shipped,Very Satisfied,786
841,88,3,1562.5294069796537,Shipped,Very Satisfied,787
638,15,3,135.16255420109894,Shipped,Neutral,788
878,47,4,1025.3521927433121,Shipped,Very Satisfied,789
434,189,3,1981.4715646868253,Pending,Satisfied,790
845,188,3,368.32124203632566,Delivered,Very Satisfied,791
745,3,2,1553.3639838232475,Pending,Satisfied,792
727,98,1,1666.074050054205,Pending,Neutral,793
575,99,4,764.0872696488528,Pending,Neutral,794
736,75,2,1011.7590719233433,Returned,Very Satisfied,795
395,144,4,1511.289676512952,Returned,Satisfied,796
273,143,4,361.4747777279465,Delivered,Very Satisfied,797
957,81,4,178.09527655758427,Returned,Satisfied,798
20,185,1,807.0024372884842,Returned,Very Satisfied,799
839,12,1,1592.8738285318798,Shipped,Very Satisfied,800
639,99,4,1852.6662123876654,Shipped,Very Satisfied,801
393,89,4,1511.6330926141504,Pending,Very Satisfied,802
968,17,3,1245.0913154365091,Delivered,Unsatisfied,803
415,172,2,97.88752658394685,Returned,Satisfied,804
270,148,2,410.98054676752525,Delivered,Very Satisfied,805
693,138,2,451.1558878679589,Shipped,Neutral,806
117,143,2,413.9798796475152,Delivered,Neutral,807
652,109,4,1997.1375705182481,,Very Satisfied,808
588,130,4,1916.062937783658,,Very Satisfied,809
21,154,3,1973.740759890552,Pending,Satisfied,810
501,131,3,841.4890721465781,Delivered,Satisfied,811
195,103,4,936.6003752290615,,Very Satisfied,812
355,6,1,182.5494533018242,Returned,Satisfied,813
176,112,4,1896.715208970228,Shipped,Satisfied,814
91,31,4,955.5268500467619,Returned,Neutral,815
548,39,1,573.643818960982,Pending,Satisfied,816
229,160,3,1264.3602248660445,Returned,Satisfied,817
806,180,4,1820.2562748606804,Delivered,Very Satisfied,818
33,16,4,1425.4964296466978,Pending,Neutral,819
779,99,2,1843.0691694983434,,Very Satisfied,820
137,69,2,1450.8972929265801,Returned,Unsatisfied,821
385,19,2,1655.360703636282,Returned,Very Satisfied,822
236,9,2,1193.0128554585215,Shipped,Neutral,823
644,130,1,1690.3950466346794,Pending,Satisfied,824
886,14,1,303.3653598729066,Returned,Very Satisfied,825
845,53,1,1100.774035780877,Pending,Unsatisfied,826
667,180,1,690.3590655670962,Pending,Satisfied,827
309,118,1,1127.994720032144,Shipped,Unsatisfied,828
495,85,1,765.410913265963,Delivered,Satisfied,829
953,148,4,1482.9239570543202,Delivered,Neutral,830
613,114,3,1574.6719744314414,Returned,Satisfied,831
970,190,4,436.156938679711,Shipped,Very Satisfied,832
296,42,1,662.4037063255876,Delivered,Unsatisfied,833
976,158,4,1622.8844771689905,Returned,Very Satisfied,834
164,20,3,111.5025478852235,Delivered,Neutral,835
222,55,4,1781.411386779538,Pending,Unsatisfied,836
993,5,2,774.8894771512361,Delivered,Unsatisfied,837
589,25,2,1225.4361771232907,Shipped,Neutral,838
564,122,4,926.923456436447,Delivered,Very Satisfied,839
935,88,2,176.4369148740497,Delivered,Very Satisfied,840
841,178,3,400.3760885625328,Shipped,Satisfied,841
823,98,2,378.15206771068995,Pending,Satisfied,842
875,115,3,1977.0495882842229,Delivered,Very Satisfied,843
485,35,4,942.8879401580435,Delivered,Neutral,844
688,18,3,633.9687793809143,Pending,Very Satisfied,845
592,13,3,753.5837824994,Pending,Very Satisfied,846
707,173,2,1279.8776381569096,Pending,Very Satisfied,847
185,68,3,1928.44126352201,Returned,Very Satisfied,848
871,10,1,1362.7248990943824,Delivered,Satisfied,849
331,7,3,1733.1005189151542,Returned,Unsatisfied,850
480,169,4,396.1659808174563,Returned,Satisfied,851
89,13,1,861.5764881759933,Delivered,Very Satisfied,852
9,73,4,771.9409919129124,,Satisfied,853
992,177,2,934.958261094329,Delivered,Unsatisfied,854
401,166,4,284.32764158124485,Shipped,Satisfied,855
821,178,3,1496.8537540287514,Pending,Satisfied,856
458,97,4,565.2295941679614,Pending,Neutral,857
809,29,1,1822.3253318601487,Shipped,Very Satisfied,858
959,87,2,1976.17045714308,Shipped,Satisfied,859
889,78,2,572.8014505651297,Pending,Very Satisfied,860
52,58,1,1870.9797694084884,Returned,Satisfied,861
265,49,3,1466.5228885336749,Returned,Satisfied,862
472,84,2,976.7721983687167,Pending,Neutral,863
144,100,1,420.2146189057416,Returned,Very Satisfied,864
403,153,3,1344.4709746072458,Shipped,Satisfied,865
595,84,3,1271.6453081417774,Delivered,Very Satisfied,866
88,79,2,1996.0431822401056,Delivered,Satisfied,867
27,38,4,371.322107390823,Shipped,Very Satisfied,868
706,44,3,399.1878010426349,Returned,Satisfied,869
720,46,2,616.680658506624,,Very Satisfied,870
310,162,1,605.3725428816556,Pending,Neutral,871
230,125,2,1806.7996083624012,Shipped,Very Satisfied,872
95,16,2,1401.3246807615794,,Satisfied,873
853,129,3,1866.6945161699573,Delivered,Very Satisfied,874
695,8,4,1910.842455529342,Delivered,Very Satisfied,875
33,2,3,1545.3686218329456,Pending,Very Satisfied,876
5,162,1,557.8408020601084,Pending,Unsatisfied,877
163,172,2,926.4579237425719,Shipped,Neutral,878
561,76,1,761.5902982246143,Returned,Unsatisfied,879
314,153,4,235.19802484157756,Returned,Very Satisfied,880
684,144,3,1743.0321616400242,Returned,Very Satisfied,881
359,175,3,1258.3525963136726,,Satisfied,882
609,143,1,205.27935245312477,Delivered,Very Satisfied,883
149,108,4,956.9922883132713,Pending,Satisfied,884
958,64,1,597.0111359364782,Pending,Satisfied,885
580,129,2,1190.9742357679568,Pending,Very Satisfied,886
692,162,1,96.55395479342974,Delivered,Satisfied,887
806,42,2,478.45666923429417,Returned,Neutral,888
861,123,1,708.2130946167157,Delivered,Very Satisfied,889
520,81,2,1751.6624618561573,Returned,Very Satisfied,890
744,40,3,957.3938895872178,Delivered,Neutral,891
220,11,4,1572.3420751726694,Pending,Unsatisfied,892
412,83,1,1272.0021145832388,Returned,Very Satisfied,893
694,159,3,580.7583193967859,Delivered,Very Satisfied,894
97,61,1,997.5914752104733,Delivered,Neutral,895
842,63,3,1866.407434195878,Pending,Unsatisfied,896
659,121,3,1766.039082157392,Returned,Satisfied,897
634,43,2,178.93148332543842,Returned,Very Satisfied,898
387,133,3,1527.1215197858407,Pending,Satisfied,899
95,98,3,379.2468367924884,Returned,Satisfied,900
37,90,1,131.34652217448868,Returned,Very Satisfied,901
227,118,2,1198.5620302822572,Shipped,Neutral,902
519,100,1,242.11568749517193,,Unsatisfied,903
407,176,4,1818.0976125317234,Pending,Very Satisfied,904
851,13,1,1322.8566803905364,Pending,Very Satisfied,905
445,129,1,1485.9932207997695,Delivered,Neutral,906
291,123,1,427.8988258154795,Shipped,Neutral,907
794,25,3,1094.9658274115334,Delivered,Very Satisfied,908
540,98,2,1456.9529184243925,Delivered,Very Satisfied,909
837,30,2,1723.9666458048287,Delivered,Satisfied,910
883,139,4,1727.7038239323522,Delivered,Very Satisfied,911
206,161,4,548.7363798856163,Pending,Satisfied,912
713,9,2,452.69146364030235,Returned,Very Satisfied,913
720,78,2,1504.2183951140646,Shipped,Very Satisfied,914
429,187,4,248.00033695379878,,Neutral,915
818,167,3,644.8431431504199,Shipped,Satisfied,916
203,30,1,116.20434990862604,Delivered,Very Satisfied,917
234,72,4,991.2149967930401,Pending,Very Satisfied,918
413,87,3,487.71481802910245,Pending,Satisfied,919
460,29,3,1573.6320899781897,Pending,Unsatisfied,920
527,140,2,394.1271666587763,Returned,Unsatisfied,921
962,166,3,1368.6300332319634,Returned,Unsatisfied,922
241,51,1,1874.9677221495474,Pending,Satisfied,923
803,96,2,566.1023414601708,Delivered,Neutral,924
317,6,3,428.2157023304032,Shipped,Very Satisfied,925
194,85,1,1862.5083537494043,Pending,Very Satisfied,926
98,101,4,1783.5507243780482,Returned,Very Satisfied,927
432,49,4,414.16256377339414,Returned,Satisfied,928
55,28,4,444.8632129709463,Shipped,Neutral,929
144,71,2,277.20254863562593,Pending,Very Satisfied,930
439,3,3,291.9257123372705,Returned,Neutral,931
954,8,1,364.8262315884393,Shipped,Satisfied,932
370,76,4,384.09526298723887,Pending,Very Satisfied,933
373,130,4,459.89143802588865,Returned,Unsatisfied,934
976,148,1,939.852651996619,Delivered,Satisfied,935
952,81,2,467.2819076686185,Returned,Very Satisfied,936
919,148,1,1902.473150039949,Returned,Satisfied,937
809,104,2,1921.064872384846,Returned,Satisfied,938
442,57,4,403.0441175134596,Delivered,Satisfied,939
564,152,4,986.7136523458338,Pending,Very Satisfied,940
42,103,2,828.8330279207262,Shipped,Very Satisfied,941
969,13,2,201.05352819975158,Returned,Very Satisfied,942
936,5,3,943.0353128729944,Returned,Neutral,943
283,182,4,1070.2383027762571,Returned,Satisfied,944
126,57,2,708.1686517764398,Pending,Very Satisfied,945
173,159,4,1799.070322884548,Delivered,Neutral,946
442,80,1,1811.0492305460623,Delivered,Very Satisfied,947
919,90,2,964.2584790393449,Returned,Satisfied,948
971,166,4,1224.6985895820749,Returned,Very Satisfied,949
117,8,2,204.25783494873437,Returned,Very Satisfied,950
973,157,1,1062.1630493688397,Delivered,Very Satisfied,951
512,181,1,933.7094334079438,Pending,Very Satisfied,952
583,168,1,262.65788674017983,Delivered,Neutral,953
688,2,1,155.51365381934323,Returned,Very Satisfied,954
714,35,1,1354.1312382056612,Delivered,Unsatisfied,955
786,26,1,850.6024023537906,Returned,Neutral,956
643,112,1,818.5135231562159,Shipped,Very Satisfied,957
428,149,4,51.614876262465486,Pending,Very Satisfied,958
821,42,2,337.82806608218846,Returned,Neutral,959
685,171,1,1496.2265991499676,Delivered,Very Satisfied,960
83,90,1,1693.473783638851,Shipped,Satisfied,961
754,15,4,728.750962973927,Returned,Very Satisfied,962
263,174,2,1356.7299494385686,Returned,Very Satisfied,963
576,168,4,1017.4589883671085,Returned,Very Satisfied,964
69,43,1,469.0771560823409,Shipped,Very Satisfied,965
957,30,3,997.0256711127471,Pending,Satisfied,966
672,58,4,1261.6062049075447,Delivered,Satisfied,967
937,53,2,1415.0225806914057,Pending,Unsatisfied,968
810,174,2,1759.8630597135134,Pending,Neutral,969
641,48,4,619.110201136565,Returned,Very Satisfied,970
65,108,3,1657.7442843469603,Pending,Very Satisfied,971
926,34,1,369.5067033297513,Delivered,Satisfied,972
770,14,2,502.2308142265809,Shipped,Satisfied,973
854,147,4,1522.791813805952,,Very Satisfied,974
857,130,1,1070.6115945390836,,Unsatisfied,975
258,107,3,1363.7003237768076,Delivered,Neutral,976
83,61,3,211.80359618722082,Delivered,Satisfied,977
336,39,2,124.44668832598708,Delivered,Very Satisfied,978
699,136,2,1334.3011948436417,Shipped,Unsatisfied,979
263,168,4,1818.1719732804193,Shipped,Very Satisfied,980
99,179,2,77.44931251180085,Pending,Satisfied,981
109,81,2,641.3796555344022,Returned,Very Satisfied,982
956,76,3,1946.5543902346235,Shipped,Very Satisfied,983
309,72,3,1200.6334433037243,Delivered,Satisfied,984
446,64,2,900.7662321724795,Delivered,Satisfied,985
299,181,4,1581.4865825279765,Returned,Neutral,986
844,153,2,1347.4397398339604,Pending,Very Satisfied,987
501,155,4,345.2131204071169,Shipped,Satisfied,988
657,68,3,1309.31521792227,Delivered,Neutral,989
51,23,3,868.7046557895287,Pending,Very Satisfied,990
596,184,3,209.6533751859199,Pending,Very Satisfied,991
715,135,1,884.5620838302011,Pending,Neutral,992
978,149,4,347.2965473252095,Returned,Very Satisfied,993
962,142,3,1547.4948066742213,Returned,Neutral,994
297,118,1,66.22701950781449,Delivered,Satisfied,995
309,24,3,447.6054915378982,Shipped,Satisfied,996
278,43,4,1037.2630642929869,Shipped,Neutral,997
669,150,1,96.4076744617372,Pending,Neutral,998
373,101,3,1566.564938274112,Shipped,Satisfied,999
909,74,2,1362.9544747984837,Shipped,Unsatisfied,1000
708,177,4,738.5040892878047,Pending,Very Satisfied,565
741,7,3,142.53021248231545,Returned,Neutral,653
60,6,4,727.7707785938393,Pending,Very Satisfied,626
987,104,2,1531.6422189749244,Pending,Neutral,415
563,173,1,1257.5028939656675,Shipped,Neutral,740
461,92,1,1116.9715048766739,Pending,Neutral,138
637,168,3,1369.9525008796263,Delivered,Neutral,74
356,89,4,1730.3412378835512,Pending,Very Satisfied,760
363,42,1,702.0721929101665,Pending,Unsatisfied,112
427,150,2,1767.0660173776403,Pending,Neutral,201
589,153,3,1471.283185624918,Returned,Very Satisfied,542
853,173,1,950.115548609648,Pending,Neutral,160
439,3,3,291.9257123372705,Returned,Neutral,931
91,147,4,1382.175689428537,Shipped,Unsatisfied,492
296,42,1,662.4037063255876,Delivered,Unsatisfied,833
175,134,4,1720.6480420649639,Delivered,Unsatisfied,385
747,56,2,1046.4726487228018,,Very Satisfied,60
956,55,1,1489.9157170394012,Pending,Neutral,725
880,16,4,1851.1847012271262,Delivered,Satisfied,381
783,91,1,1657.1644789223076,Returned,Unsatisfied,355
736,54,2,1675.8189218564057,Shipped,Satisfied,168
263,61,2,1900.2864561711265,Shipped,Very Satisfied,265
424,126,1,1359.276244025372,Shipped,Very Satisfied,100
956,175,3,398.0667503503335,Delivered,Very Satisfied,637
117,143,2,413.9798796475152,Delivered,Neutral,807
387,126,2,1666.8530904096783,Delivered,Very Satisfied,17
139,171,3,1177.1758505654107,Shipped,Neutral,267
310,162,1,605.3725428816556,Pending,Neutral,871
530,47,3,232.6600143554452,Delivered,Very Satisfied,92
747,72,1,666.9552707647085,Delivered,Neutral,164
